path,sha256,reference_path,actual_sha256,unchanged,equivalent,max_absolute_difference
audit/coder_agreement.csv,27ed3166bf147ddacaf545916d051bfa61b065260249cfe0c6a88ce957f4961a,,27ed3166bf147ddacaf545916d051bfa61b065260249cfe0c6a88ce957f4961a,TRUE,TRUE,0
audit/sample_counts.csv,1784695f33d5bdcd6a25cc01349f061c0068ce4e5c79e0eb1cef0de15d8b88f8,,1784695f33d5bdcd6a25cc01349f061c0068ce4e5c79e0eb1cef0de15d8b88f8,TRUE,TRUE,0
data/derived/coding_slots.csv,c3125f65b4bfcc422cf6b7a37b39967a84348b0b624f423cacbbeba4294cf0a8,,c3125f65b4bfcc422cf6b7a37b39967a84348b0b624f423cacbbeba4294cf0a8,TRUE,TRUE,0
data/derived/respondent_wave.csv,43948d8cbbd6bb397facf438063e29a79a1fe0aa7f0c9cb58ba49393f300041c,,43948d8cbbd6bb397facf438063e29a79a1fe0aa7f0c9cb58ba49393f300041c,TRUE,TRUE,0
data/derived/side_counts.csv,635603a4989e96d88c0cd9bafd5e9c0bf2974c976619cabcefa2b5a09943bf2a,,635603a4989e96d88c0cd9bafd5e9c0bf2974c976619cabcefa2b5a09943bf2a,TRUE,TRUE,0
data/derived/slot_analysis.csv,9353f34fb6238f993493814098ed62eaf6c001fb9c306fdce5bd0a83d8be6ebe,,9353f34fb6238f993493814098ed62eaf6c001fb9c306fdce5bd0a83d8be6ebe,TRUE,TRUE,0
data/derived/survey.csv,c77ab86388074933e8829e62c8ced82a1aef41389662c7a593012706ed0dca18,,c77ab86388074933e8829e62c8ced82a1aef41389662c7a593012706ed0dca18,TRUE,TRUE,0
data/derived/survey_frame.csv,64e43ba229957ae3cca55fffcae935b68919130183bdc39e4285bd6323680deb,,64e43ba229957ae3cca55fffcae935b68919130183bdc39e4285bd6323680deb,TRUE,TRUE,0
tabs/coding_sensitivity.tex,accc46f855706af92c9f448142ed0451885674bc01434c5d72ab33a856bdeabb,,accc46f855706af92c9f448142ed0451885674bc01434c5d72ab33a856bdeabb,TRUE,TRUE,0
tabs/directional_estimates.csv,824c03b498fa30f14321e546c01d80c84f6258485346847da44de11d48c39168,audit/baseline/directional_estimates.csv,824c03b498fa30f14321e546c01d80c84f6258485346847da44de11d48c39168,TRUE,TRUE,0
tabs/directional_estimates.tex,9bda8307c0495cda244025573363c5206ab5f3ac5d1f00181508379c01a483f4,,9bda8307c0495cda244025573363c5206ab5f3ac5d1f00181508379c01a483f4,TRUE,TRUE,0
tabs/directional_robustness.tex,3be84420929a66add7fe863825d0aab74dace6ef867789869b522ad1edbbafd9,,3be84420929a66add7fe863825d0aab74dace6ef867789869b522ad1edbbafd9,TRUE,TRUE,0
tabs/item_results.tex,7c8b47339024b081826e92249f6417d5b05248c2326c9f8d61a2a8b6677a969f,,7c8b47339024b081826e92249f6417d5b05248c2326c9f8d61a2a8b6677a969f,TRUE,TRUE,0
tabs/main_estimates.csv,2bb94da20461e00cf7b3a28147a123207ddaffd0385ad044f69984ca312c0475,audit/baseline/main_estimates.csv,2bb94da20461e00cf7b3a28147a123207ddaffd0385ad044f69984ca312c0475,TRUE,TRUE,0
tabs/main_estimates.tex,a0f5692a43aacdc1868b8c6ec35b356e043436fd9f7b77ea3dc2ac8e55e3e065,,a0f5692a43aacdc1868b8c6ec35b356e043436fd9f7b77ea3dc2ac8e55e3e065,TRUE,TRUE,0
tabs/numbers.tex,4d39888d473754126c6614eb3251730482d5fd7124a53d4b098ea6c5380114e9,,4d39888d473754126c6614eb3251730482d5fd7124a53d4b098ea6c5380114e9,TRUE,TRUE,0
tabs/prompt_order.tex,7efaec066fdbd59667117b82f87fa9700ede7044ba43a0aaae8a60c74734b105,,7efaec066fdbd59667117b82f87fa9700ede7044ba43a0aaae8a60c74734b105,TRUE,TRUE,0
tabs/sample_composition.tex,36c764857097e4d830ea5afb0b19008c27fc3e94dffbb616636664fcab21283e,,36c764857097e4d830ea5afb0b19008c27fc3e94dffbb616636664fcab21283e,TRUE,TRUE,0
tabs/subgroup_results.tex,f4efccd054ab04e3f671d35533ce7e9d091406503fef68b7d80a112739ce6cf3,,f4efccd054ab04e3f671d35533ce7e9d091406503fef68b7d80a112739ce6cf3,TRUE,TRUE,0
