local_path,dp_data_path,sha256
data/groups.csv,vault/dp-nireland/data/groups.csv,77235b6cc5ab095a027e932fb2301929066f86e872945c27c0269c2093ea9ab6
data/n.ireland.indices1.csv,vault/dp-nireland/data/n.ireland.indices1.csv,4825290989e16d495cf121d95d7fda01eff00c1b08a31411dee9c8e54f73c34c
data/nireland_1.rdata,vault/dp-nireland/data/nireland_1.rdata,06a7f08b2e8e8abd60959567078c6d0fa0877f5d94b3e9458b9683e01d28aa52
data/n_ireland.indices.xlsx,vault/dp-nireland/data/n_ireland.indices.xlsx,2e75c45d45f231796e8bd6eed55f04e61e9582c0dd9820b7ce79a996dd4d1928
data/n.ireland.indices.csv,vault/dp-nireland/data/n.ireland.indices.csv,1a8e7619dc3816bd9839972ec47e4e86b73c0a4ba61ae6c7248de5833345babc
data/nireland.rdata,vault/dp-nireland/data/nireland.rdata,cb986ec5f42dbe2187111b1ac384f19a993048954e70b09fe0b1b457385b4587
data/ninis/Census_Commissioned_Qualifications_by_Age_Groups_16-74.xls,vault/dp-nireland/data/ninis/Census_Commissioned_Qualifications_by_Age_Groups_16-74.xls,a4b5979348587b73eb688cb9deb58b58bfc31868c9e02219a4cff8d2c7c91270
data/ninis/CensusKS12A_Occupation.xls,vault/dp-nireland/data/ninis/CensusKS12A_Occupation.xls,e53b8cc01e993c3b42601c0d5a18719bb7bd727c496a390e8d886a09abfbea78
data/ninis/CensusKS09A_economic.xls,vault/dp-nireland/data/ninis/CensusKS09A_economic.xls,723e42e4daa73e283f3e09b5a638ecf35d82ac5447b7b0888b03cbedd22ff52f
data/ninis/CensusKS07a_religion.xls,vault/dp-nireland/data/ninis/CensusKS07a_religion.xls,38221dbab976a7469245ecdab503d61f6a7571ab89829a33191c10851add959c
data/ninis/CensusKS02_age.xls,vault/dp-nireland/data/ninis/CensusKS02_age.xls,588c1249a03eda20a9dcb8ea09a8f777b59e7873999f9a2799a358ccb67d4f57
data/ninis/CensusKS04_MS.xls,vault/dp-nireland/data/ninis/CensusKS04_MS.xls,31f80e346d294de23164fcf03c854b6f9d767ca32a4df22790e5c61a958e4e27
data/orig_data/T1 Questionnaire.doc,vault/cdd/data/Ireland/questionnaire/T1 Questionnaire.doc,86ebe1284b60dbaf28537397f3cf2cb4ce52e63a9ce09bb1bcd8343f557ff572
data/orig_data/nireland.csv,vault/dp-nireland/data/orig_data/nireland.csv,0109ee8b01e204e962c95b8ddffa006bcd7563d5e3fae727b3ce14c4e2e83b9b
data/orig_data/omagh-education-2007.pdf,vault/dp-nireland/data/orig_data/omagh-education-2007.pdf,282de95030ce1bb46cd21443d4a0040a2f2b9af679f851d56e409b46db3f19df
data/orig_data/Draft participant T2 Questionnaire.doc,vault/cdd/data/Ireland/questionnaire/Draft participant T2 Questionnaire.doc,89b10fbf6636d64a5b7e1d14317aa919ee83ca64a2ce2aae7fff76d5763f99b6
data/orig_data/NIreland data merged - rawSPSSexport.xlsx,vault/cdd/data/Ireland/orig_data/NIreland data merged - rawSPSSexport.xlsx,c9bf089b0f107786459404114b14cc6cbd488c33ff06b4e3b146320be5a4b5c9
data/orig_data/nireland.dta,vault/cdd/data/Ireland/orig_data/nireland.dta,305c8646632cfc36ca55177771a89aa2aa38149f5ab394ec14428bf9ffa7fffa
data/orig_data/51394 control group questionnaireFINAL.doc,vault/cdd/data/Ireland/questionnaire/Control group questionnaireFINAL.doc,ceea946faa2c34f44f26ca3fbb1a19c21f6ba010f99550cf2ab9881ac0452c6c
data/open_ended/coding.open.ended.csv,vault/dp-nireland/data/open_ended/coding.open.ended.csv,746c3d0552967da87131bfee510af2ff2478c3902cc60acc5ef618b19333ff40
data/open_ended/coding.open.ended.xlsx,vault/dp-nireland/data/open_ended/coding.open.ended.xlsx,451df65b2c09a5a08ed00eb9b775f91614d867d2fa4dd5b1d0accdbaeb2a9458
data/open_ended/coding.open.ended.1.15.xlsx,vault/dp-nireland/data/open_ended/coding.open.ended.1.15.xlsx,5f6a0eb0edc566aa62afdf7334317a63575d4dadcd551918d3e253fc65a97978
data/open_ended/open_ended.csv,vault/dp-nireland/data/open_ended/open_ended.csv,6772ba4d3ba4ac05ca492124f58baf27475d202629c8acf6f15dc116ae13b178
data/open_ended/fin.csv,vault/dp-nireland/data/open_ended/fin.csv,314a9a9abb40c6094dab2e7c9af761041557b791240f0932b3848699e861f39c
data/open_ended/fin.xlsx,vault/dp-nireland/data/open_ended/fin.xlsx,f6ea7e0411cbc75a5088e7c319aee76557731db1613fe8781eb305658fa3dd8e
data/open_ended/craggs.pdf,vault/dp-nireland/data/open_ended/craggs.pdf,3bb389f9dfc18cea076f7e8cfcaff66508929829c6611407bfdab22723208c46
data/open_ended/text_of_open_ended_ans.xlsx,vault/dp-nireland/data/open_ended/text_of_open_ended_ans.xlsx,15661fc37660d32cd452a4dd022b7711d4165fa4b73bdebcfe7792f02ed9e979
data/open_ended/openan.csv,vault/dp-nireland/data/open_ended/openan.csv,03347a5c7b60b3554c80ca9b9771da9affd7178511d370d07c73a9316fe45cb8
data/open_ended/openq.csv,vault/dp-nireland/data/open_ended/openq.csv,0eb839904d131859d22968287d4f9b2a79c6b5f5385990e49f8d54027a67ebe7
data/open_ended/coding.open.ended.monty.final.xlsx,vault/dp-nireland/data/open_ended/coding.open.ended.monty.final.xlsx,922e2d7bf711e98bba9be48814191471955dbf4df5e8191642b95f2a1c4c7d68
data/open_ended/open.c.rdata,vault/dp-nireland/data/open_ended/open.c.rdata,c5bc03c24944a198863688b5894294fa80f52305778fdae100e924bbd2ea9c56
data/open_ended/test.data/coding.open.ended.xlsx,vault/dp-nireland/data/open_ended/test.data/coding.open.ended.xlsx,b84f42688c7a4fc6b70a654d6964516677a836ad6c5fdbc441ffaf832ea321d7
data/open_ended/coding.updates/coding.open.ended.lauren.2.19.xlsx,vault/dp-nireland/data/open_ended/coding.updates/coding.open.ended.lauren.2.19.xlsx,18b284581a8b5f9b3d244a694ff1b4ee00763682d8b32bb44eb93e6189776c8a
data/open_ended/coding.updates/coding.open.endedC.xlsx,vault/dp-nireland/data/open_ended/coding.updates/coding.open.endedC.xlsx,2a46d6a455a2125aedd04b3fb7807bdf75c055a4d8e5b0f2894d53b540995db5
data/open_ended/coding.updates/lauren.fin.open.ended.xlsx,vault/dp-nireland/data/open_ended/coding.updates/lauren.fin.open.ended.xlsx,d3b0a1682c067ce5fc74c11588cf9f24ae98006058b3385db397185cd1115388
data/open_ended/coding.updates/Interesting Responses.docx,vault/dp-nireland/data/open_ended/coding.updates/Interesting Responses.docx,868b938973ab8dd4157e5fabc978853e42eaff9f1074180a8a0ffe88c35d8f2c
data/open_ended/coding.updates/coding.open.endedCL2.xlsb,vault/dp-nireland/data/open_ended/coding.updates/coding.open.endedCL2.xlsb,916cb9b00b6624d845c640ce66b9a51f268143f20ef658f5e8f5fcc30ca82dcb
data/open_ended/coding.updates/coding.open.endedlaura.xlsx,vault/dp-nireland/data/open_ended/coding.updates/coding.open.endedlaura.xlsx,b01ec50284ad62a3ab8d8e5757c2b03b9a2efbe61e0fea9be52379f2fd5a7304
data/open_ended/coding.scheme/Categories for Questions 18-21v13.docx,vault/dp-nireland/data/open_ended/coding.scheme/Categories for Questions 18-21v13.docx,e294d51f2e51366a158f001d7b0a6a2ab52c552e3e3c7d0b993e7551ae5a192b
data/open_ended/coding.scheme/Categories for question 18-21v6.docx,vault/dp-nireland/data/open_ended/coding.scheme/Categories for question 18-21v6.docx,d3bb5a948ea0ada636b1afa37a0d21903ecb1f870561a9c35b75314a38512303
data/open_ended/coding.scheme/Categories for Questions 18-21v12.docx,vault/dp-nireland/data/open_ended/coding.scheme/Categories for Questions 18-21v12.docx,c43bd155895d4894c294bd55e059011bee355a825b53c1416b32f3cbcd0545d3
data/open_ended/coding.scheme/Categories for question 18-21.docx,vault/dp-nireland/data/open_ended/coding.scheme/Categories for question 18-21.docx,4a9463a79120e749727a9720b07f4e8934240520a2ace03d5197841c1a2f50bf
data/open_ended/coding.scheme/Categories for Questions 18-21v15.docx,vault/dp-nireland/data/open_ended/coding.scheme/Categories for Questions 18-21v15.docx,b1ba6174b349f995859ef15cd7147203a4a1326d8edba186f89b594e2abc3ea9
data/open_ended/coding.scheme/Categories for Questions 18-21v14.docx,vault/dp-nireland/data/open_ended/coding.scheme/Categories for Questions 18-21v14.docx,61e2a2478ed8f356785bb48114ff1c2eea5acb526d4c537d8ef959f6a3e1dd44
data/open_ended/coding.scheme/Categories for question 18-21v2.docx,vault/dp-nireland/data/open_ended/coding.scheme/Categories for question 18-21v2.docx,60bd7c76d9d25d307faebabbc4135e84791094aa3e287b97db35522c555e7e2c
data/open_ended/coding.scheme/Categories for Questions 18-21v16.docx,vault/dp-nireland/data/open_ended/coding.scheme/Categories for Questions 18-21v16.docx,53f2cb6351501d11bfab4475681c2a6e2697e33a795e5ea7ba94b21deca95309
data/open_ended/coding.scheme/Categories for question 18-21v3.docx,vault/dp-nireland/data/open_ended/coding.scheme/Categories for question 18-21v3.docx,6d367751c0aa089942c9f65e882a2a1a813a3795ed21b420024582553dd1819e
data/open_ended/coding.scheme/Categories for Questions 18-21v8.docx,vault/dp-nireland/data/open_ended/coding.scheme/Categories for Questions 18-21v8.docx,be6ead0307e10345f71f58345ddab96bc6425d52d76c6e127c21b092c967aae8
data/open_ended/coding.scheme/Categories for Questions 18-21v11.docx,vault/dp-nireland/data/open_ended/coding.scheme/Categories for Questions 18-21v11.docx,4074b508751691c51ecfd0609726fd7d2d64011ec9309199966e3a8a958518d0
data/open_ended/coding.scheme/Categories for question 18-21v4.docx,vault/dp-nireland/data/open_ended/coding.scheme/Categories for question 18-21v4.docx,7a5b296ee08079a65d3237fb146ed00067d5ee1cba87af4be93cf2758b5f2f12
data/open_ended/coding.scheme/Categories for question 18-21v5.docx,vault/dp-nireland/data/open_ended/coding.scheme/Categories for question 18-21v5.docx,c396978a42543e601a211d51abc33abda1f6570a4173e2945790a99ded64ef01
data/open_ended/coding.scheme/categories.xlsx,vault/dp-nireland/data/open_ended/coding.scheme/categories.xlsx,13c9b7461d1c9bc0363edc8b664f1f9a688bc32b5e2d97ffdb4a6b134bda54c5
data/open_ended/coding.scheme/Categories for Questions 18-21v9.docx,vault/dp-nireland/data/open_ended/coding.scheme/Categories for Questions 18-21v9.docx,fd78354a8a113ce6c910e9fdecc2568b1fdeb9efbd8dc9763369471d68a99d2c
data/open_ended/coding.scheme/Categories for Questions 18-21v10.docx,vault/dp-nireland/data/open_ended/coding.scheme/Categories for Questions 18-21v10.docx,60f6a8457c776cd149081be4fbcf12d3f73d20ee47a7ef059edfc25252f2bec7
